{"cameraMode":{"drawMode":0,"name":"Shaded","section":"Shading Mode"},"sceneLighting":true,"audioPlay":false,"sceneViewState":{"m_AlwaysRefresh":false,"showFog":true,"showSkybox":true,"showFlares":true,"showImageEffects":true,"showParticleSystems":true,"showVisualEffectGraphs":true,"m_FxEnabled":true},"in2DMode":false,"pivot":{"x":-21.010848999023439,"y":0.35355377197265627,"z":-20.483659744262697},"rotation":{"x":0.22782784700393678,"y":0.6816145181655884,"z":-0.2375609129667282,"w":0.6535305380821228},"size":42.5440559387207,"orthographic":true}