{"cameraMode":{"drawMode":0,"name":"Shaded","section":"Shading Mode"},"sceneLighting":true,"audioPlay":false,"sceneViewState":{"m_AlwaysRefresh":false,"showFog":true,"showSkybox":true,"showFlares":true,"showImageEffects":true,"showParticleSystems":true,"showVisualEffectGraphs":true,"m_FxEnabled":true},"in2DMode":false,"pivot":{"x":2.740000009536743,"y":-0.6541256308555603,"z":-0.01689102314412594},"rotation":{"x":0.14610187709331513,"y":-0.6699843406677246,"z":0.13692933320999146,"w":0.714869499206543},"size":10.644707679748536,"orthographic":true}